score,created_utc,subreddit,type
28,1570110645.0,dataisbeautiful,Submission
1,1567962301.0,unpopularopinion,Submission
2,1567739501.0,self,Submission
1,1567738625.0,TooAfraidToAsk,Submission
1,1567655989.0,PokemonMasters,Submission
2,1567361275.0,NoStupidQuestions,Submission
53,1566108052.0,iamverysmart,Submission
1,1566102055.0,Showerthoughts,Submission
1,1566028868.0,iPadPro,Submission
1,1565982867.0,Showerthoughts,Submission
0,1564973027.0,cscareerquestions,Submission
18,1564461767.0,MrLove,Submission
2,1563645624.0,Showerthoughts,Submission
4,1563313528.0,MrLove,Submission
41,1563167176.0,MrLove,Submission
3,1562721967.0,MrLove,Submission
152,1562366942.0,ClashRoyale,Submission
1,1561095730.0,HarryPotterWUFriends,Submission
1,1561079965.0,HarryPotterWUFriends,Submission
1,1561077785.0,harrypotterwu,Submission
10,1559790432.0,PointlessStories,Submission
4,1558478432.0,NoStupidQuestions,Submission
7,1558130280.0,CasualConversation,Submission
0,1556989005.0,personalfinance,Submission
9,1554418736.0,pokemongo,Submission
0,1554418736.0,pokemongo,Submission
404,1552401385.0,FoodPorn,Submission
1,1551203882.0,aws,Submission
0,1551203006.0,programming,Submission
30,1551200688.0,iPadPro,Submission
615,1548254584.0,dataisbeautiful,Submission
2,1547252205.0,pokemongo,Submission
51,1546791977.0,WearOS,Submission
5,1543989039.0,AndroidWear,Submission
1,1542843413.0,iPadPro,Submission
4,1542573065.0,NoStupidQuestions,Submission
9,1542057616.0,iPadPro,Submission
3,1540530853.0,datasets,Submission
10,1540057712.0,ClashRoyale,Submission
1,1539621859.0,aws,Submission
0,1539620024.0,shortcuts,Submission
0,1539095832.0,AppleWatch,Submission
0,1537835110.0,ClashRoyale,Submission
3,1537736116.0,AppleWatch,Submission
17,1537242757.0,pokemongo,Submission
14,1536637892.0,pokemongo,Submission
1,1536516250.0,pokemongo,Submission
17,1535796249.0,dataisbeautiful,Submission
0,1535420093.0,pokemongo,Submission
1,1534987793.0,personalfinance,Submission
24,1534797134.0,pokemongo,Submission
1,1534796669.0,pokemongo,Submission
45,1534451419.0,cscareerquestions,Submission
1939,1533700837.0,pokemongo,Submission
2,1533599197.0,NoStupidQuestions,Submission
12,1532100230.0,pokemon,Submission
22,1531836610.0,pics,Submission
7,1531446942.0,pokemongotrades,Submission
1,1531232722.0,pokemongotrades,Submission
4,1530066939.0,westworldgame,Submission
1,1529671695.0,unpopularopinion,Submission
1,1529519028.0,cscareerquestions,Submission
92,1529090483.0,13ReasonsWhy,Submission
15,1529083783.0,dataisbeautiful,Submission
1,1528933557.0,redditdev,Submission
6,1528722990.0,dataisbeautiful,Submission
3,1528561601.0,casualiama,Submission
16,1528490926.0,self,Submission
0,1527797006.0,pokemon,Submission
1,1526670541.0,unpopularopinion,Submission
0,1525820423.0,financialindependence,Submission
4,1525820040.0,personalfinance,Submission
280,1523973505.0,personalfinance,Submission
1,1521690356.0,SCBuildIt,Submission
4,1521683769.0,SCBuildIt,Submission
1,1521587578.0,SCBuildIt,Submission
696,1521468064.0,AppleWatch,Submission
1,1521239582.0,trees,Submission
3,1521172802.0,mildlyinfuriating,Submission
14,1520268116.0,dataisbeautiful,Submission
1,1519075135.0,cscareerquestions,Submission
1,1516054356.0,CoinBase,Submission
5,1516049209.0,personalfinance,Submission
5,1515548177.0,CasualConversation,Submission
1,1513970836.0,iPhoneX,Submission
2,1512616661.0,CasualConversation,Submission
2,1509509859.0,PixelStarships,Submission
6,1507831997.0,NoStupidQuestions,Submission
29,1500572551.0,dataisbeautiful,Submission
27,1499352733.0,mildlypenis,Submission
27,1499176842.0,dataisbeautiful,Submission
1,1499014320.0,meormyson,Submission
5,1498482681.0,dataisbeautiful,Submission
122,1497625919.0,ClashRoyale,Submission
6,1497546452.0,mildlyinfuriating,Submission
23,1495638898.0,CasualConversation,Submission
0,1495554673.0,gifs,Submission
6,1494612959.0,CasualConversation,Submission
16506,1492440137.0,dataisbeautiful,Submission
6,1491921266.0,Pareidolia,Submission
1,1491158254.0,CasualConversation,Submission
0,1491108621.0,pokemongo,Submission
22,1490922380.0,dataisbeautiful,Submission
5,1490498551.0,trees,Submission
4,1490424711.0,Portland,Submission
1,1489960128.0,NoStupidQuestions,Submission
22,1489084778.0,AppleWatch,Submission
8,1488692229.0,macbook,Submission
5,1487979325.0,CasualConversation,Submission
0,1487959868.0,personalfinance,Submission
1,1487448280.0,apple,Submission
1,1486678381.0,ifttt,Submission
7,1485478695.0,CasualConversation,Submission
0,1484009086.0,financialindependence,Submission
0,1483828679.0,PokeMoonSun,Submission
215,1483316787.0,AppleWatch,Submission
34,1482875875.0,apple,Submission
0,1482368631.0,pokemon,Submission
3,1482350582.0,trees,Submission
1,1482004448.0,OutOfTheLoop,Submission
8,1481361017.0,NoStupidQuestions,Submission
2,1481127334.0,NoStupidQuestions,Submission
620,1480549868.0,CasualConversation,Submission
20,1480105198.0,CozyPlaces,Submission
16,1479782613.0,SomebodyMakeThis,Submission
0,1478974439.0,CasualConversation,Submission
1,1478297132.0,AskReddit,Submission
7,1476312033.0,trees,Submission
0,1474569774.0,pokemongo,Submission
1,1468886776.0,churning,Submission
1,1468804175.0,Mattress,Submission
6,1468778387.0,cscareerquestions,Submission
1,1468459632.0,Showerthoughts,Submission
18,1468387952.0,TheSilphRoad,Submission
3,1468387351.0,trypophobia,Submission
4,1468152745.0,NoStupidQuestions,Submission
0,1468000225.0,pokemongo,Submission
0,1467380420.0,pics,Submission
0,1466227312.0,trypophobia,Submission
6,1466223403.0,tinytower,Submission
20,1466211424.0,Tinder,Submission
2,1466207386.0,nocontext,Submission
4,1465950472.0,ClashRoyale,Submission
1,1465888685.0,Showerthoughts,Submission
5,1465863342.0,Dallas,Submission
24,1465686523.0,Android,Submission
3,1465628376.0,AskReddit,Submission
1,1465535719.0,AskReddit,Submission
8,1465511955.0,quotes,Submission
10,1465375509.0,Portland,Submission
52,1465347735.0,pokemongo,Submission
1057,1465267201.0,gifs,Submission
8,1465252467.0,hwatch,Submission
2,1465251867.0,smartwatch,Submission
6,1465004007.0,DAE,Submission
52,1464904365.0,DAE,Submission
0,1464824044.0,DAE,Submission
2,1464817443.0,mildlyinteresting,Submission
18,1464762702.0,quotes,Submission
0,1464684219.0,gameofthrones,Submission
3,1464562621.0,me_irl,Submission
144,1464487779.0,quotes,Submission
0,1464404832.0,mildlyinteresting,Submission
0,1464398477.0,Showerthoughts,Submission
1,1464328054.0,trypophobia,Submission
0,1463979381.0,ClashRoyale,Submission
1,1463702432.0,DAE,Submission
0,1463700126.0,ClashRoyale,Submission
1,1463611589.0,ClashRoyale,Submission
5,1570797142.0,pokemongo,Comment
6,1570671076.0,dataisbeautiful,Comment
1,1570632073.0,oddlysatisfying,Comment
1,1570593734.0,personalfinance,Comment
0,1570499282.0,Awwducational,Comment
5,1570498294.0,starterpacks,Comment
1,1570498050.0,Wellthatsucks,Comment
36,1570494838.0,Unexpected,Comment
1,1570493365.0,gifs,Comment
1,1570493311.0,trashy,Comment
5,1570493162.0,rarepuppers,Comment
86,1570493095.0,Unexpected,Comment
2,1570492980.0,pics,Comment
1,1570492632.0,ChoosingBeggars,Comment
0,1570490020.0,TheSilphRoad,Comment
1,1570296977.0,memes,Comment
1,1570287971.0,riceuniversity,Comment
1,1570235979.0,tifu,Comment
1,1570122963.0,dataisbeautiful,Comment
3,1570110799.0,dataisbeautiful,Comment
1,1569892177.0,casualiama,Comment
2,1569891261.0,Unexpected,Comment
4,1569890822.0,PokeRPG,Comment
4,1569890417.0,Unexpected,Comment
1,1569889928.0,trashy,Comment
2,1569855110.0,ProjectPrompts,Comment
0,1569798501.0,TwoXChromosomes,Comment
1,1569790136.0,13ReasonsWhy,Comment
1,1569518294.0,Showerthoughts,Comment
1,1569517226.0,iOSsetups,Comment
2,1569357247.0,funny,Comment
5,1569100631.0,friends_tv_show,Comment
44,1568237993.0,technology,Comment
5,1568237629.0,tifu,Comment
40,1568237315.0,TIGHTPUSSY,Comment
2,1567961019.0,origami,Comment
1,1567960888.0,gif,Comment
3,1567957054.0,Eyebleach,Comment
-185,1567956940.0,PoliticalHumor,Comment
7,1567956729.0,BeAmazed,Comment
18,1567955484.0,AndroidWear,Comment
2,1567740888.0,AskReddit,Comment
13457,1567740863.0,AskReddit,Comment
-3,1567740148.0,TooAfraidToAsk,Comment
1,1567738277.0,AskReddit,Comment
3,1567736838.0,brushybrushy,Comment
1,1567733735.0,PokemonGOIVs,Comment
2,1567726875.0,BikiniBottomTwitter,Comment
-2,1567726780.0,WTF,Comment
58,1567726759.0,likeus,Comment
9,1567722921.0,AnimalsBeingDerps,Comment
2,1567693085.0,PokemonMasters,Comment
1,1567658762.0,PokemonMasters,Comment
1,1567658419.0,PokemonMasters,Comment
1,1567638088.0,AskReddit,Comment
1,1567637163.0,cscareerquestions,Comment
0,1567478283.0,ClashRoyale,Comment
3,1567469810.0,PokeMoonSun,Comment
30,1567458343.0,mildlyinfuriating,Comment
8,1567457920.0,PokeMoonSun,Comment
2,1567447849.0,HighQualityGifs,Comment
3,1567384766.0,Otters,Comment
1,1567381412.0,TheSilphRoad,Comment
0,1567361812.0,harrypotterwu,Comment
1,1567305452.0,rickandmorty,Comment
2,1567290062.0,cats,Comment
4,1567277812.0,starterpacks,Comment
1,1567277670.0,iOSsetups,Comment
1,1567206907.0,funny,Comment
1,1567052299.0,nextfuckinglevel,Comment
4,1566955938.0,Thisismylifemeow,Comment
2,1566780954.0,PoGoDFW,Comment
1,1566592459.0,TwoXChromosomes,Comment
1,1566434807.0,pokemongotrades,Comment
1,1566434773.0,pokemongotrades,Comment
1,1566434734.0,pokemongotrades,Comment
1,1566434694.0,pokemongotrades,Comment
1,1566349035.0,NintendoSwitch,Comment
1,1566348693.0,StonerEngineering,Comment
-1,1566344990.0,apple,Comment
1,1566342992.0,ProgrammerHumor,Comment
14,1566261099.0,FunnyandSad,Comment
70,1566174606.0,AnimalsBeingDerps,Comment
3,1566148070.0,FunnyandSad,Comment
10,1566108162.0,iamverysmart,Comment
1,1566033469.0,iPadPro,Comment
3,1566015733.0,PokeMoonSun,Comment
1,1565988374.0,memes,Comment
13,1565984188.0,youseeingthisshit,Comment
1,1565984045.0,SeriousConversation,Comment
2,1565983548.0,SeriousConversation,Comment
1,1565982543.0,MadeMeSmile,Comment
3,1565982515.0,nextfuckinglevel,Comment
9,1565982407.0,PeopleFuckingDying,Comment
2,1565982192.0,YouShouldKnow,Comment
6,1565980949.0,13ReasonsWhy,Comment
4,1565980842.0,cscareerquestions,Comment
2,1565905306.0,confession,Comment
26,1565813188.0,absolutelynotme_irl,Comment
1,1565803440.0,StonerEngineering,Comment
16,1565777709.0,iamatotalpieceofshit,Comment
1,1565725106.0,apple,Comment
-2,1565721367.0,apple,Comment
5,1565496541.0,mkbhd,Comment
14,1565322879.0,trashy,Comment
2,1565227359.0,data_irl,Comment
-13,1565225995.0,dogswithjobs,Comment
1,1565225645.0,facepalm,Comment
5,1565225397.0,me_irl,Comment
1,1564974871.0,cscareerquestions,Comment
1,1564974011.0,cscareerquestions,Comment
1,1564613636.0,Awwducational,Comment
7,1564431843.0,StartledCats,Comment
472,1564029459.0,woof_irl,Comment
3,1563695238.0,iOSsetups,Comment
2,1563673821.0,AskReddit,Comment
92,1563509293.0,StrangerThings,Comment
3,1563466260.0,pythontips,Comment
1,1563415744.0,iOSsetups,Comment
3,1563299812.0,PixelStarships,Comment
1,1563246176.0,MrLove,Comment
1,1563243676.0,MrLove,Comment
2,1563242870.0,MrLove,Comment
1,1563145116.0,MrLove,Comment
0,1562727916.0,MrLove,Comment
2,1562607891.0,NoStupidQuestions,Comment
0,1562535714.0,aww,Comment
4,1562426367.0,iPadPro,Comment
4,1562369896.0,ClashRoyale,Comment
6,1562369843.0,ClashRoyale,Comment
63,1562347132.0,shouldercats,Comment
2,1562038036.0,dataisbeautiful,Comment
8,1561942597.0,dataisbeautiful,Comment
1,1561663282.0,iamatotalpieceofshit,Comment
5,1561426054.0,harrypotterwu,Comment
195,1561399185.0,harrypotterwu,Comment
1,1561158573.0,harrypotterwu,Comment
3,1560974680.0,aww,Comment
710,1560960434.0,blackpeoplegifs,Comment
1,1560960115.0,programming,Comment
1,1560619114.0,PixelStarships,Comment
2,1560618550.0,PixelStarships,Comment
1,1560463620.0,gifsthatkeepongiving,Comment
3,1560300108.0,hitmanimals,Comment
40,1559777373.0,CatsClimbingPeople,Comment
4,1559621021.0,apple,Comment
2,1558134575.0,CasualConversation,Comment
2,1558131278.0,CasualConversation,Comment
4,1557898322.0,pokemongo,Comment
1,1557889326.0,Showerthoughts,Comment
-2,1557651330.0,PixelStarships,Comment
0,1557555512.0,SomebodyMakeThis,Comment
1,1557026246.0,nevertellmetheodds,Comment
1,1557026081.0,Otterable,Comment
2,1556991587.0,asmr,Comment
3,1556990379.0,sploot,Comment
8,1556722186.0,Incorgnito,Comment
1,1555712822.0,unpopularopinion,Comment
0,1555524405.0,puppersheckingdying,Comment
6,1555287313.0,kittengifs,Comment
12,1555032112.0,plano,Comment
5,1554622535.0,tinytower,Comment
1,1554166035.0,TwoXChromosomes,Comment
3,1554164989.0,daria,Comment
1,1554160397.0,tinytower,Comment
1,1554129880.0,PuppySmiles,Comment
2,1552701442.0,iPadPro,Comment
1,1552442750.0,trees,Comment
3,1552441170.0,Showerthoughts,Comment
2,1552440175.0,NoStupidQuestions,Comment
14,1552262641.0,watchpuppersdieinside,Comment
9,1552177039.0,frisco,Comment
18,1551816958.0,gifsthatkeepongiving,Comment
9,1551556675.0,frisco,Comment
2,1550858287.0,starterpacks,Comment
19,1549841889.0,funny,Comment
8,1549776921.0,pokemongo,Comment
1,1549593767.0,therewasanattempt,Comment
2,1549583587.0,TheSilphRoad,Comment
1,1549232420.0,comics,Comment
1,1549074286.0,barkour,Comment
2,1548907216.0,pokemongo,Comment
2,1548745438.0,coolguides,Comment
2,1548283495.0,dataisbeautiful,Comment
1,1548283266.0,dataisbeautiful,Comment
1,1548283180.0,dataisbeautiful,Comment
1,1548282399.0,dataisbeautiful,Comment
1,1548281764.0,dataisbeautiful,Comment
3,1548281714.0,dataisbeautiful,Comment
3,1548279394.0,dataisbeautiful,Comment
5,1548278577.0,dataisbeautiful,Comment
4,1548278517.0,dataisbeautiful,Comment
2,1548278420.0,dataisbeautiful,Comment
3,1548277352.0,dataisbeautiful,Comment
1,1548277177.0,dataisbeautiful,Comment
12,1548277159.0,dataisbeautiful,Comment
2,1548277036.0,dataisbeautiful,Comment
2,1548276138.0,dataisbeautiful,Comment
2,1548274471.0,MRW,Comment
1,1548270371.0,WhitePeopleTwitter,Comment
3,1548259899.0,dataisbeautiful,Comment
5,1548259606.0,dataisbeautiful,Comment
50,1548258179.0,dataisbeautiful,Comment
33,1548254751.0,dataisbeautiful,Comment
4,1547862899.0,13ReasonsWhy,Comment
4,1547704787.0,PenmanshipPorn,Comment
5,1547704189.0,movies,Comment
6,1547703098.0,PenmanshipPorn,Comment
1,1547701322.0,powerwashingporn,Comment
1,1547701179.0,toptalent,Comment
28,1547692937.0,PoliticalHumor,Comment
55,1547692915.0,PoliticalHumor,Comment
3,1547340684.0,PoGoDFW,Comment
3,1547253234.0,pokemongo,Comment
2,1547044788.0,Zoomies,Comment
1,1546909038.0,WearOS,Comment
1,1546909016.0,WearOS,Comment
1,1546908972.0,WearOS,Comment
43,1546891141.0,DGDAG,Comment
2,1546836939.0,WearOS,Comment
3,1546836864.0,WearOS,Comment
2,1546818776.0,WearOS,Comment
1,1546802132.0,WearOS,Comment
7,1546802056.0,WearOS,Comment
6,1546794573.0,WearOS,Comment
4,1546792074.0,WearOS,Comment
2,1546791574.0,WearOS,Comment
1,1546791256.0,WearOS,Comment
26,1546287157.0,gifsthatkeepongiving,Comment
1,1545674560.0,funny,Comment
7,1545592321.0,SeriousConversation,Comment
6,1545499539.0,SeriousConversation,Comment
1,1545410628.0,NoStupidQuestions,Comment
1,1545326379.0,asianpeoplegifs,Comment
14,1545280832.0,catsareliquid,Comment
1,1544990043.0,absolutelynotme_irl,Comment
1,1544546727.0,NoStupidQuestions,Comment
2,1544398965.0,ClashRoyale,Comment
1,1544157819.0,AskReddit,Comment
1,1544037734.0,iPadPro,Comment
1,1543991920.0,AndroidWear,Comment
2,1543983546.0,Room104,Comment
3,1543983043.0,Room104,Comment
40,1543808793.0,totallynotrobots,Comment
3,1543805765.0,mildlyinteresting,Comment
2,1543804252.0,SomebodyMakeThis,Comment
1,1543651830.0,me_irl,Comment
12,1543436357.0,MEOW_IRL,Comment
2,1542512996.0,iPadPro,Comment
1,1542512396.0,oddlysatisfying,Comment
3,1542059133.0,iPadPro,Comment
5,1542051876.0,Eyebleach,Comment
2,1542047448.0,Pixel3,Comment
0,1542041029.0,probabilitytheory,Comment
2,1542040304.0,dataisugly,Comment
-8,1542020933.0,StoppedWorking,Comment
0,1541732240.0,Eyebleach,Comment
1,1541649589.0,plano,Comment
3,1541346480.0,Catswithjobs,Comment
1,1541346168.0,pics,Comment
3,1541039749.0,doge,Comment
13,1540995435.0,meormyson,Comment
26,1540907843.0,DidntKnowIWantedThat,Comment
2,1540158042.0,aws,Comment
7,1540139025.0,SomebodyMakeThis,Comment
9,1540071968.0,SomebodyMakeThis,Comment
1,1540068741.0,PixelStarships,Comment
1,1540062878.0,ClashRoyale,Comment
1,1540060856.0,ClashRoyale,Comment
1,1540058220.0,ClashRoyale,Comment
3,1540017196.0,dataisbeautiful,Comment
37,1539786820.0,watchpuppersdieinside,Comment
1,1539622048.0,shortcuts,Comment
31,1539573133.0,BikiniBottomTwitter,Comment
1,1539568769.0,PokemonGOIVs,Comment
6,1539546090.0,cscareerquestions,Comment
67,1539542773.0,aww,Comment
47,1539541733.0,meormyson,Comment
50,1539534296.0,cscareerquestions,Comment
254,1539452527.0,Stepdadreflexes,Comment
5,1539452471.0,starterpacks,Comment
2,1539411665.0,AnimalsBeingBros,Comment
1,1539357699.0,Simulated,Comment
1,1539309662.0,dataisbeautiful,Comment
2,1539296828.0,aws,Comment
1,1539295484.0,AskReddit,Comment
2,1539194766.0,hqtrivia,Comment
1,1538692961.0,AppleWatch,Comment
5,1538518298.0,learningtocat,Comment
2,1538517433.0,AskReddit,Comment
12,1538248913.0,FullScorpion,Comment
37,1538153665.0,WhatsWrongWithYourCat,Comment
26,1538022097.0,AppleWatch,Comment
4,1538006494.0,AskReddit,Comment
12,1538005484.0,kittengifs,Comment
1,1537836516.0,ClashRoyale,Comment
2,1537737695.0,AppleWatch,Comment
1,1537737594.0,AppleWatch,Comment
1,1537729872.0,cscareerquestions,Comment
4,1537725927.0,TrueOffMyChest,Comment
5,1537563990.0,confessions,Comment
0,1537335136.0,memes,Comment
4,1537334808.0,AnimalsBeingJerks,Comment
2,1537334580.0,AskReddit,Comment
1424,1537334010.0,aww,Comment
4,1537333886.0,drawing,Comment
125,1537333636.0,aww,Comment
2528,1537333560.0,chemicalreactiongifs,Comment
2,1537245241.0,pokemongo,Comment
1,1537197152.0,cscareerquestions,Comment
35,1537116052.0,TooAfraidToAsk,Comment
1,1537113767.0,funny,Comment
223,1537112103.0,Eyebleach,Comment
2,1536966426.0,AppleWatch,Comment
7,1536965150.0,dataisbeautiful,Comment
1,1536964362.0,AppleWatch,Comment
1,1536962809.0,AppleWatch,Comment
1,1536797770.0,interestingasfuck,Comment
3,1536720499.0,dataisbeautiful,Comment
1,1536717590.0,aww,Comment
1,1536706873.0,rarepuppers,Comment
86,1536556424.0,Stepdadreflexes,Comment
12,1536514012.0,WatchPeopleDieInside,Comment
0,1536513888.0,trashy,Comment
-8,1536513791.0,thanosdidnothingwrong,Comment
8,1536513551.0,Damnthatsinteresting,Comment
1,1536513310.0,Damnthatsinteresting,Comment
1,1536116727.0,unpopularopinion,Comment
4,1536116544.0,mildlyinteresting,Comment
1,1536116202.0,unpopularopinion,Comment
1,1536115698.0,me_irl,Comment
8,1536115575.0,Delightfullychubby,Comment
4,1536115466.0,AnimalsBeingJerks,Comment
20,1536115330.0,mildlyinteresting,Comment
3,1536115237.0,woof_irl,Comment
3,1536115186.0,HumansBeingBros,Comment
1,1536114620.0,financialindependence,Comment
2,1536023340.0,battlestations,Comment
129,1535966872.0,nosleep,Comment
1,1535926882.0,dataisbeautiful,Comment
2,1535835136.0,unpopularopinion,Comment
1,1535819507.0,tifu,Comment
1,1535796550.0,dataisbeautiful,Comment
10,1535795175.0,wildlypenis,Comment
5,1535749407.0,ClashRoyale,Comment
1,1535741526.0,kittengifs,Comment
7,1535740958.0,holdmyjuicebox,Comment
1,1535666826.0,sadcringe,Comment
2,1535659481.0,BeAmazed,Comment
1,1535650768.0,PointlessStories,Comment
2,1535596244.0,CrappyDesign,Comment
1,1535576835.0,funny,Comment
2,1535508474.0,wholesomegifs,Comment
1,1535399764.0,AskReddit,Comment
7,1535266185.0,WhitePeopleTwitter,Comment
1,1535266126.0,facepalm,Comment
9,1535265978.0,cats,Comment
1,1535265820.0,funny,Comment
209,1535265774.0,BoJackHorseman,Comment
8,1535265447.0,powerwashingporn,Comment
13,1535265300.0,softwaregore,Comment
37,1535265265.0,PeopleFuckingDying,Comment
2,1535264899.0,itookapicture,Comment
453,1535264684.0,HumansBeingBros,Comment
3,1535238885.0,morbidquestions,Comment
1,1535238465.0,pokemongo,Comment
1,1535129467.0,architecture,Comment
1,1535078570.0,casualiama,Comment
19,1535070016.0,unpopularopinion,Comment
2,1535066035.0,TheSilphRoad,Comment
11,1535065804.0,pokemongo,Comment
1,1534988989.0,personalfinance,Comment
2,1534788002.0,rarepuppers,Comment
3,1534657010.0,MEOW_IRL,Comment
4,1534656844.0,therewasanattempt,Comment
27,1534656673.0,Eyebleach,Comment
11,1534656473.0,tumblr,Comment
2,1534656213.0,BetterEveryLoop,Comment
32,1534655864.0,AnimalsBeingBros,Comment
3,1534648968.0,nope,Comment
6,1534646887.0,StoppedWorking,Comment
1,1534617454.0,AnimalsBeingJerks,Comment
1,1534615491.0,self,Comment
160,1534615187.0,Delightfullychubby,Comment
6,1534614008.0,trashy,Comment
1,1534600649.0,kittengifs,Comment
4,1534558721.0,PoGoDFW,Comment
3,1534533820.0,PoGoDFW,Comment
224,1534515288.0,dataisbeautiful,Comment
2,1534476071.0,LifeProTips,Comment
13,1534475838.0,sadcringe,Comment
7,1534463592.0,cscareerquestions,Comment
2,1534463305.0,cscareerquestions,Comment
24,1534463295.0,cscareerquestions,Comment
26,1534448893.0,BetterEveryLoop,Comment
0,1534392663.0,pokemongo,Comment
3,1534366985.0,StonerEngineering,Comment
12,1534363317.0,StonerEngineering,Comment
1,1534334143.0,aww,Comment
3,1534304284.0,Eyebleach,Comment
0,1534304186.0,AnimalsBeingDerps,Comment
10,1534256469.0,casualiama,Comment
6,1534218676.0,AnimalsBeingJerks,Comment
41,1534218307.0,BetterEveryLoop,Comment
1,1534188202.0,aww,Comment
0,1534092350.0,MadeMeSmile,Comment
2,1533946799.0,IsItBullshit,Comment
2,1533928639.0,AskReddit,Comment
18,1533928045.0,IsItBullshit,Comment
45,1533925255.0,IsItBullshit,Comment
2,1533868691.0,blunderyears,Comment
4,1533868567.0,blunderyears,Comment
2,1533834598.0,rstats,Comment
1,1533751431.0,BeAmazed,Comment
2,1533703501.0,AppleWatch,Comment
179,1533701243.0,pokemongo,Comment
38,1533701082.0,pokemongo,Comment
43,1533701066.0,pokemongo,Comment
1,1533624804.0,likeus,Comment
2,1533615445.0,BetterEveryLoop,Comment
387,1533615083.0,BeAmazed,Comment
1,1533614942.0,NoStupidQuestions,Comment
5,1533614686.0,lifehacks,Comment
25,1533586596.0,lifehacks,Comment
22,1533585381.0,lifehacks,Comment
1,1533576352.0,SeriousConversation,Comment
22,1533539503.0,riverdale,Comment
9,1533504951.0,cscareerquestions,Comment
8,1533448260.0,compsci,Comment
1,1533447956.0,UnsentLetters,Comment
115,1533447519.0,Thisismylifemeow,Comment
6,1533447220.0,hmmm,Comment
3,1533447146.0,interestingasfuck,Comment
65,1533413720.0,Eyebleach,Comment
5,1533401530.0,CatTaps,Comment
1,1533382962.0,oddlyterrifying,Comment
1,1533330058.0,sports,Comment
1,1533249211.0,instant_regret,Comment
1,1533246850.0,Unexpected,Comment
7,1533246644.0,PokemonGOIVs,Comment
5,1533245482.0,computerscience,Comment
1,1533184961.0,PeopleFuckingDying,Comment
2,1533121260.0,PokemonGOIVs,Comment
2,1533087350.0,PokemonGOIVs,Comment
2,1532993896.0,lego,Comment
5,1532993449.0,AskReddit,Comment
2,1532993284.0,AskReddit,Comment
1,1532993189.0,AskReddit,Comment
1,1532988356.0,tumblr,Comment
3,1532813307.0,dataisbeautiful,Comment
-2,1532800894.0,macbook,Comment
1,1532583941.0,pokemongo,Comment
1,1532583748.0,pokemongo,Comment
6,1532542997.0,confessions,Comment
3,1532110293.0,pokemon,Comment
1,1532102174.0,pokemon,Comment
4,1532100293.0,pokemon,Comment
1,1531837769.0,pics,Comment
1,1531446841.0,pokemongotrades,Comment
1,1531446500.0,pokemongotrades,Comment
1,1531245530.0,pokemongo,Comment
1,1531232535.0,pokemongo,Comment
1,1531232302.0,pokemongo,Comment
1,1531182539.0,unpopularopinion,Comment
3,1531146866.0,TheSilphRoad,Comment
1,1531108824.0,dataisbeautiful,Comment
5,1530985750.0,computerscience,Comment
2,1530982222.0,unpopularopinion,Comment
2,1530935626.0,unpopularopinion,Comment
3,1530845027.0,apple,Comment
1,1530844954.0,changemyview,Comment
1,1530807656.0,self,Comment
1,1530716743.0,AskReddit,Comment
3,1530292567.0,PokemonQuest,Comment
3,1530288159.0,PokemonQuest,Comment
3,1530137852.0,confession,Comment
1,1530067453.0,westworldgame,Comment
25,1530047185.0,13ReasonsWhy,Comment
1,1530030970.0,pokemongo,Comment
1,1530025874.0,AskReddit,Comment
1,1530025011.0,StoppedWorking,Comment
1,1529902113.0,self,Comment
35,1529865639.0,forwardsfromgrandma,Comment
1,1529865123.0,asianpeoplegifs,Comment
2,1529863945.0,westworldgame,Comment
2,1529857605.0,westworldgame,Comment
7,1529853544.0,13ReasonsWhy,Comment
2,1529810904.0,confessions,Comment
1,1529780667.0,TooAfraidToAsk,Comment
2,1529772372.0,westworldgame,Comment
1,1529725277.0,PeopleFuckingDying,Comment
1,1529704805.0,westworldgame,Comment
8,1529640542.0,westworldgame,Comment
1,1529556671.0,NoStupidQuestions,Comment
1,1529556259.0,redditdev,Comment
1,1529436260.0,dataisbeautiful,Comment
1,1529428311.0,AskReddit,Comment
6,1529365824.0,macbook,Comment
1,1529341578.0,AskReddit,Comment
1,1529264171.0,funny,Comment
-2,1529259287.0,frisco,Comment
3,1529178464.0,iPhoneX,Comment
1,1529178053.0,pokemongo,Comment
1,1529162554.0,dataisbeautiful,Comment
3,1529114770.0,macbook,Comment
2,1529106312.0,13ReasonsWhy,Comment
1,1529093969.0,r4rDFW,Comment
1,1529084006.0,dataisbeautiful,Comment
5,1529082281.0,r4rDFW,Comment
1,1528938910.0,redditdev,Comment
1,1528934449.0,redditdev,Comment
2,1528927843.0,dataisbeautiful,Comment
1,1528905960.0,unpopularopinion,Comment
2,1528900609.0,unpopularopinion,Comment
9,1528858724.0,unpopularopinion,Comment
18,1528843715.0,unpopularopinion,Comment
1,1528829741.0,TrueOffMyChest,Comment
1,1528824341.0,cscareerquestions,Comment
7,1528816253.0,cscareerquestions,Comment
5,1528774205.0,AskOuija,Comment
1,1528774192.0,AskOuija,Comment
1,1528774153.0,AskOuija,Comment
2,1528774148.0,AskOuija,Comment
1,1528774143.0,AskOuija,Comment
5,1528774078.0,AskOuija,Comment
3,1528773634.0,AskOuija,Comment
1,1528723210.0,dataisbeautiful,Comment
2,1528591570.0,casualiama,Comment
1,1528571451.0,casualiama,Comment
1,1528568920.0,casualiama,Comment
1,1528565567.0,casualiama,Comment
1,1528565471.0,casualiama,Comment
1,1528564862.0,casualiama,Comment
1,1528564632.0,casualiama,Comment
1,1528564485.0,casualiama,Comment
1,1528562957.0,DiWHY,Comment
1,1528562785.0,interestingasfuck,Comment
1,1528561304.0,r4rDFW,Comment
4,1528523114.0,Showerthoughts,Comment
45,1528522067.0,Showerthoughts,Comment
1,1528505112.0,cscareerquestions,Comment
3,1528494464.0,cscareerquestions,Comment
1,1528493955.0,TumblrInAction,Comment
2,1528485137.0,cscareerquestions,Comment
1,1528471525.0,cscareerquestions,Comment
2,1528471341.0,self,Comment
2,1528407132.0,13ReasonsWhy,Comment
1,1528386069.0,NintendoSwitch,Comment
1,1528383966.0,TheSilphRoad,Comment
2,1528297616.0,CasualConversation,Comment
2,1528295200.0,Jokes,Comment
1,1528248722.0,softwaregore,Comment
1,1528205929.0,cscareerquestions,Comment
1,1528135469.0,science,Comment
2,1528057518.0,dataisbeautiful,Comment
77,1528045238.0,BetterEveryLoop,Comment
5,1528045148.0,DadReflexes,Comment
29,1527893016.0,ClashRoyale,Comment
2,1527655944.0,softwaregore,Comment
1,1527402721.0,cscareerquestions,Comment
1,1527401852.0,cscareerquestions,Comment
1,1527401761.0,cscareerquestions,Comment
1,1527399739.0,cscareerquestions,Comment
1,1527396462.0,cscareerquestions,Comment
9,1527303385.0,Floof,Comment
0,1527302895.0,unpopularopinion,Comment
5,1527297788.0,unpopularopinion,Comment
23,1527294280.0,asianpeoplegifs,Comment
1,1527188880.0,SiliconValleyHBO,Comment
3,1527114894.0,SiliconValleyHBO,Comment
1,1527107693.0,CatGifs,Comment
1,1527018231.0,TooAfraidToAsk,Comment
5,1526926446.0,mildlyamusing,Comment
4,1526843790.0,me_irl,Comment
5,1526616866.0,StartledCats,Comment
21,1526600791.0,StartledCats,Comment
16,1526578057.0,compsci,Comment
61,1526523577.0,HumansBeingBros,Comment
1,1526523539.0,gifs,Comment
22,1526406464.0,AnimalsBeingJerks,Comment
3,1526338918.0,Hobbies,Comment
2,1525900242.0,unpopularopinion,Comment
1,1525891225.0,AskReddit,Comment
1,1525813638.0,casualiama,Comment
1,1525653289.0,pythontips,Comment
1,1525646013.0,pythontips,Comment
2,1525645094.0,datasets,Comment
14,1525644856.0,compsci,Comment
0,1525284253.0,unpopularopinion,Comment
3,1524971121.0,NoStupidQuestions,Comment
1,1524879165.0,iPhoneX,Comment
1,1524877902.0,hqtrivia,Comment
1,1524869680.0,ProgrammerHumor,Comment
1,1524869548.0,ProgrammerHumor,Comment
1,1524869503.0,ProgrammerHumor,Comment
1,1524869403.0,ProgrammerHumor,Comment
-1,1524866489.0,personalfinance,Comment
70,1524711363.0,ProgrammerHumor,Comment
1,1524709752.0,CasualConversation,Comment
1,1524455479.0,holdmyredbull,Comment
3,1524430426.0,SCBuildIt,Comment
65,1524381888.0,DadReflexes,Comment
1,1524257475.0,NetflixBestOf,Comment
7,1524254350.0,statistics,Comment
1,1524252305.0,oddlysatisfying,Comment
9,1524191397.0,iPhoneX,Comment
1,1524190954.0,youseeingthisshit,Comment
1,1524190901.0,hitmanimals,Comment
3,1524186514.0,unpopularopinion,Comment
2,1524186156.0,AskReddit,Comment
9,1524021491.0,Wholesomenosleep,Comment
6,1523995462.0,personalfinance,Comment
11,1523995431.0,personalfinance,Comment
9,1523975876.0,personalfinance,Comment
18,1523973692.0,personalfinance,Comment
29,1523932455.0,unpopularopinion,Comment
9,1523753182.0,todayilearned,Comment
2,1523740737.0,CasualConversation,Comment
1,1521740938.0,SCBuildIt,Comment
1,1521740896.0,SCBuildIt,Comment
1,1521691785.0,SCBuildIt,Comment
1,1521691495.0,SCBuildIt,Comment
2,1521689973.0,SCBuildIt,Comment
1,1521680968.0,holdmybeer,Comment
5,1521679802.0,pics,Comment
0,1521655430.0,Futurology,Comment
3,1521593822.0,SCBuildIt,Comment
2,1521491098.0,interestingasfuck,Comment
55,1521472115.0,AppleWatch,Comment
2,1521343717.0,trees,Comment
1,1521340693.0,LifeProTips,Comment
1,1521314727.0,PeopleFuckingDying,Comment
1,1521240149.0,morbidquestions,Comment
2,1521236647.0,morbidquestions,Comment
2,1521236032.0,morbidquestions,Comment
2,1521228198.0,unpopularopinion,Comment
8,1521225720.0,redditdev,Comment
12,1521218487.0,morbidquestions,Comment
1,1521217481.0,BeAmazed,Comment
1,1521216374.0,educationalgifs,Comment
1,1521172152.0,AskReddit,Comment
0,1521146440.0,brushybrushy,Comment
4,1521137930.0,juxtaposition,Comment
2,1520982306.0,Whatcouldgowrong,Comment
10,1520703570.0,Catloaf,Comment
1,1520701343.0,nevertellmetheodds,Comment
3,1520642045.0,Eyebleach,Comment
2,1520546532.0,iPhoneX,Comment
1,1520538247.0,iPhoneX,Comment
1,1520470019.0,wholesomememes,Comment
2,1520436627.0,CrappyDesign,Comment
2,1520295510.0,dataisbeautiful,Comment
3,1520277036.0,dataisbeautiful,Comment
3,1520268378.0,dataisbeautiful,Comment
4,1520071643.0,pokemongodev,Comment
3,1520064510.0,Existentialism,Comment
1,1520060177.0,lego,Comment
1,1520060013.0,PokeMoonSun,Comment
7,1520039435.0,PokeMoonSun,Comment
1,1520038127.0,ClashRoyale,Comment
88,1520012371.0,MasterReturns,Comment
1,1520010443.0,BeAmazed,Comment
1,1519869161.0,Tinder,Comment
2,1519754833.0,dataisbeautiful,Comment
1,1519754528.0,dataisbeautiful,Comment
1,1519451434.0,mildlyinteresting,Comment
1,1519449568.0,BatesMotel,Comment
0,1519448952.0,BatesMotel,Comment
1,1519239052.0,TheSilphRoad,Comment
1,1518574369.0,AskReddit,Comment
4,1518417691.0,barkour,Comment
4,1518257327.0,casualiama,Comment
1,1518145431.0,thisismylifenow,Comment
1,1517945650.0,educationalgifs,Comment
1,1517772591.0,mechanical_gifs,Comment
2,1517625003.0,AppleWatch,Comment
5,1517084282.0,hitmanimals,Comment
1,1517009877.0,aww,Comment
1,1516228275.0,PoliticalHumor,Comment
5,1516218714.0,PoliticalHumor,Comment
2,1516057890.0,CoinBase,Comment
3,1516049612.0,personalfinance,Comment
8,1516047826.0,Eyebleach,Comment
1,1516047711.0,perfectloops,Comment
2,1515550577.0,CasualConversation,Comment
1,1515540340.0,whitepeoplegifs,Comment
1,1515540013.0,AskReddit,Comment
8,1515473542.0,confessions,Comment
2,1515437683.0,gifs,Comment
8,1515220946.0,LadyBoners,Comment
1,1515215414.0,politics,Comment
-1,1515026813.0,news,Comment
1,1515024959.0,TooAfraidToAsk,Comment
3,1514928463.0,ExpectationVsReality,Comment
0,1514774592.0,gifs,Comment
1,1514743551.0,CrappyDesign,Comment
2,1514741981.0,Zoomies,Comment
1,1514741053.0,dataisbeautiful,Comment
1,1514534549.0,AskReddit,Comment
2,1514528558.0,hitmanimals,Comment
0,1514502546.0,AnimalsBeingJerks,Comment
1,1514482725.0,youseeingthisshit,Comment
1,1514427740.0,AdviceAnimals,Comment
1,1514405781.0,StrangerThings,Comment
2,1514095913.0,BeAmazed,Comment
4,1513973907.0,4chan,Comment
2,1513971068.0,iPhoneX,Comment
1,1513967331.0,WTF,Comment
4,1513964112.0,CuteOldFolks,Comment
1,1513963859.0,whitepeoplegifs,Comment
2,1513840460.0,Simulated,Comment
1,1513713703.0,interestingasfuck,Comment
1,1513645422.0,mealtimevideos,Comment
2,1513644518.0,mealtimevideos,Comment
1,1513642827.0,mealtimevideos,Comment
-1,1513628597.0,mealtimevideos,Comment
8,1513628192.0,ambien,Comment
6,1513628079.0,Trumpgret,Comment
2,1513627944.0,apple,Comment
1,1513627877.0,CatTaps,Comment
1,1513627829.0,CatTaps,Comment
1,1513480324.0,PandR,Comment
3,1513288789.0,dataisbeautiful,Comment
1,1513187615.0,AskReddit,Comment
1,1513046010.0,4chan,Comment
0,1512850525.0,chemicalreactiongifs,Comment
1,1512847503.0,standupshots,Comment
4,1512839088.0,blackpeoplegifs,Comment
2,1512770796.0,AnimalCrossing,Comment
37,1512762839.0,Dogberg,Comment
13,1512755952.0,BabyCorgis,Comment
2,1512755527.0,AskReddit,Comment
1,1512623907.0,CasualConversation,Comment
1,1512620828.0,CasualConversation,Comment
1,1512620622.0,CasualConversation,Comment
1,1512620522.0,CasualConversation,Comment
18,1512506866.0,AnimalsBeingBros,Comment
1,1512165191.0,AskReddit,Comment
2,1512154316.0,ProgrammerHumor,Comment
1,1512006275.0,Documentaries,Comment
1,1511896545.0,Whatcouldgowrong,Comment
1,1511753769.0,LifeProTips,Comment
1,1511748751.0,PixelStarships,Comment
2,1511471926.0,AdviceAnimals,Comment
1,1511391390.0,morbidquestions,Comment
-24,1511381018.0,morbidquestions,Comment
1,1511378946.0,AnimalCrossing,Comment
1,1511371858.0,AnimalCrossing,Comment
6,1511317793.0,BabyCorgis,Comment
1,1511111723.0,SeriousConversation,Comment
1,1510969679.0,HighQualityGifs,Comment
5,1510379089.0,trypophobia,Comment
15,1510267542.0,ActLikeYouBelong,Comment
3,1510194469.0,trees,Comment
4,1509725121.0,wholesomegifs,Comment
1,1509485904.0,LifeProTips,Comment
1,1509139209.0,nonononoyes,Comment
3,1509137998.0,WhitePeopleTwitter,Comment
10,1509135151.0,MachineLearning,Comment
3,1508629847.0,sadcringe,Comment
2,1508563197.0,OSHA,Comment
3,1508210498.0,java,Comment
33,1508210398.0,coolguides,Comment
13,1508210105.0,java,Comment
3,1508209723.0,CompetitiveCR,Comment
13,1508044438.0,financialindependence,Comment
2,1507840519.0,MechanicalKeyboards,Comment
2,1507839477.0,WhitePeopleTwitter,Comment
2,1507834563.0,NoStupidQuestions,Comment
10,1507673698.0,dataisbeautiful,Comment
6,1506892006.0,funny,Comment
3,1506890686.0,dataisbeautiful,Comment
19,1506889969.0,dataisbeautiful,Comment
1,1506185564.0,cringepics,Comment
7,1505961614.0,Hobbies,Comment
1,1505956386.0,Showerthoughts,Comment
2,1505955171.0,Showerthoughts,Comment
63,1505917408.0,quotes,Comment
4,1505672716.0,shameless,Comment
2,1505499691.0,interestingasfuck,Comment
4,1504986741.0,nevertellmetheodds,Comment
1,1504752139.0,physicsgifs,Comment
-4,1504312505.0,happy,Comment
2,1504201294.0,SeriousConversation,Comment
1,1503939744.0,dataisbeautiful,Comment
1,1503876439.0,dataisbeautiful,Comment
6,1503772635.0,aww,Comment
2,1503417133.0,NoStupidQuestions,Comment
2,1503097282.0,awwwtf,Comment
1,1502936214.0,vaporents,Comment
8,1502904517.0,computerscience,Comment
5,1502903429.0,computerscience,Comment
6,1502902809.0,cscareerquestions,Comment
1,1502823779.0,EarthPorn,Comment
1,1502081241.0,trees,Comment
2,1501521606.0,DataVizRequests,Comment
46,1501426127.0,dataisbeautiful,Comment
21,1500743546.0,sadcringe,Comment
2,1500572773.0,dataisbeautiful,Comment
1,1500322112.0,pokemon,Comment
2,1500151234.0,dataisbeautiful,Comment
3,1499471023.0,PoliticalHumor,Comment
3,1499454169.0,hitmanimals,Comment
6,1499454001.0,hitmanimals,Comment
1,1499437800.0,NatureIsFuckingLit,Comment
3,1499437756.0,Eyebleach,Comment
7,1499432477.0,algorithms,Comment
27,1499432202.0,computerscience,Comment
347,1499430752.0,gifs,Comment
0,1499430008.0,AppleWatch,Comment
131,1499429652.0,hitmanimals,Comment
1,1499427963.0,LifeProTips,Comment
1,1499209423.0,dataisbeautiful,Comment
2,1499177258.0,dataisbeautiful,Comment
3,1499112126.0,YouShouldKnow,Comment
1,1498692802.0,Whatcouldgowrong,Comment
1,1498686833.0,GifRecipes,Comment
-43,1498682670.0,niceguys,Comment
53,1498666554.0,Eyebleach,Comment
1,1498666474.0,politics,Comment
2,1498498467.0,dataisbeautiful,Comment
1,1498482943.0,dataisbeautiful,Comment
5,1498426014.0,crafts,Comment
2,1498425006.0,CrappyDesign,Comment
4,1498232121.0,PokeMoonSun,Comment
1,1498231695.0,gaming,Comment
1,1497820349.0,BetterEveryLoop,Comment
8,1497734753.0,CatGifs,Comment
11,1497729891.0,nope,Comment
3,1497714466.0,computerscience,Comment
7,1497713972.0,nope,Comment
88,1497636650.0,tumblr,Comment
5,1497635971.0,animalssmiling,Comment
25,1497626324.0,ClashRoyale,Comment
3,1497453961.0,HumansBeingBros,Comment
3,1497451045.0,awwwtf,Comment
19,1497408774.0,BatesMotel,Comment
-1,1497237705.0,MapPorn,Comment
1,1497236282.0,LifeProTips,Comment
-1,1497236079.0,MapPorn,Comment
7,1497234845.0,vaporents,Comment
0,1497234423.0,statistics,Comment
1,1497215532.0,todayilearned,Comment
1,1496716576.0,AskReddit,Comment
-1,1496703196.0,AppleWatch,Comment
-6,1496682741.0,AnimalsBeingJerks,Comment
2,1496618186.0,meirl,Comment
20,1496616409.0,BetterEveryLoop,Comment
2,1496615000.0,meirl,Comment
4,1496603055.0,NatureIsFuckingLit,Comment
7,1496558395.0,boop,Comment
8,1496557694.0,wholesomememes,Comment
9,1496557345.0,tumblr,Comment
3,1496533438.0,youseeingthisshit,Comment
1,1496521546.0,Showerthoughts,Comment
4,1496516692.0,Showerthoughts,Comment
2,1496248775.0,aww,Comment
2,1496106226.0,gif,Comment
81,1496082427.0,BlackPeopleTwitter,Comment
1,1496079196.0,NotMyJob,Comment
4,1496023743.0,NotMyJob,Comment
1,1496023605.0,trees,Comment
2,1496023571.0,rarepuppers,Comment
1,1495954924.0,GifRecipes,Comment
1,1495909866.0,CasualConversation,Comment
2,1495735748.0,PokeMoonSun,Comment
1,1495733417.0,CasualConversation,Comment
1,1495732857.0,CasualConversation,Comment
1,1495732631.0,CasualConversation,Comment
1,1495731516.0,CasualConversation,Comment
3,1495645381.0,CasualConversation,Comment
2,1495645304.0,CasualConversation,Comment
1,1495645284.0,CasualConversation,Comment
1,1495643650.0,CasualConversation,Comment
1,1495643580.0,CasualConversation,Comment
2,1495640000.0,CasualConversation,Comment
2,1495639980.0,CasualConversation,Comment
1,1495639473.0,CasualConversation,Comment
44,1495576219.0,dogpictures,Comment
2,1495499709.0,DAE,Comment
2,1495499483.0,oldpeoplefacebook,Comment
1,1495499422.0,gifs,Comment
1,1495498634.0,ThisBlewMyMind,Comment
1,1495318700.0,HumansBeingBros,Comment
1,1495067501.0,MeanJokes,Comment
2,1494979906.0,comics,Comment
2,1494955066.0,MadeMeSmile,Comment
1,1494884211.0,mildlyinfuriating,Comment
2,1494804799.0,ThisBlewMyMind,Comment
1,1494615265.0,CasualConversation,Comment
1,1494615000.0,CasualConversation,Comment
1,1494614319.0,CasualConversation,Comment
2,1494613536.0,CasualConversation,Comment
1,1494092831.0,gifs,Comment
1,1494092409.0,OSHA,Comment
3,1494025424.0,gifs,Comment
2,1493840402.0,AnimalsBeingBros,Comment
2,1493585194.0,rstats,Comment
2,1493584233.0,gifs,Comment
-4,1493576938.0,aww,Comment
16,1493576773.0,talesfromtechsupport,Comment
23,1493576447.0,Sneks,Comment
5,1493576052.0,gifs,Comment
3,1493576009.0,iamverysmart,Comment
191,1493572376.0,gifs,Comment
2,1493571502.0,MRW,Comment
1,1493571206.0,rstats,Comment
2,1493570333.0,AnimalsBeingBros,Comment
9,1493568037.0,google,Comment
2,1493422738.0,holdmyfries,Comment
10,1493013772.0,thingsforants,Comment
2,1493005245.0,DunderMifflin,Comment
53,1492980860.0,DunderMifflin,Comment
1,1492977277.0,blunderyears,Comment
2,1492976874.0,funny,Comment
14,1492975043.0,news,Comment
2,1492469214.0,dataisbeautiful,Comment
3,1492468411.0,dataisbeautiful,Comment
1,1492467279.0,dataisbeautiful,Comment
2,1492466443.0,dataisbeautiful,Comment
1,1492466095.0,dataisbeautiful,Comment
1,1492465840.0,dataisbeautiful,Comment
1,1492461143.0,dataisbeautiful,Comment
23,1492454169.0,pokemon,Comment
1,1492453955.0,dataisbeautiful,Comment
2,1492452454.0,dataisbeautiful,Comment
1,1492451386.0,dataisbeautiful,Comment
1,1492451316.0,dataisbeautiful,Comment
2,1492450395.0,dataisbeautiful,Comment
1,1492448198.0,dataisbeautiful,Comment
5,1492447699.0,dataisbeautiful,Comment
25,1492447687.0,dataisbeautiful,Comment
0,1492446037.0,dataisbeautiful,Comment
6,1492445914.0,dataisbeautiful,Comment
5,1492445825.0,dataisbeautiful,Comment
2,1492445475.0,dataisbeautiful,Comment
25,1492445394.0,dataisbeautiful,Comment
9,1492444647.0,dataisbeautiful,Comment
15,1492444586.0,dataisbeautiful,Comment
1,1492444450.0,dataisbeautiful,Comment
24,1492444443.0,dataisbeautiful,Comment
7,1492444437.0,dataisbeautiful,Comment
126,1492443974.0,dataisbeautiful,Comment
241,1492440323.0,dataisbeautiful,Comment
1,1492309054.0,PoGoDFW,Comment
3,1492309046.0,PoGoDFW,Comment
3,1492297356.0,dataisbeautiful,Comment
4,1492279470.0,LifeProTips,Comment
1,1492278456.0,AdviceAnimals,Comment
3,1492278069.0,Tinder,Comment
14,1492268021.0,holdmyjuicebox,Comment
0,1492265337.0,interestingasfuck,Comment
1,1492265087.0,self,Comment
14,1492264879.0,interestingasfuck,Comment
1,1492263260.0,me_irl,Comment
4,1492215057.0,earthoficeandfire,Comment
1,1492127767.0,AdviceAnimals,Comment
32,1492022882.0,thingsforants,Comment
13,1492022782.0,NotMyJob,Comment
1,1492011946.0,LifeProTips,Comment
1,1491943673.0,kitty,Comment
1,1491943476.0,TwoXChromosomes,Comment
7,1491856167.0,Zoomies,Comment
2,1491614078.0,CasualConversation,Comment
1,1491604910.0,trees,Comment
2,1491603579.0,CasualConversation,Comment
1,1491603066.0,oddlysatisfying,Comment
1,1491601316.0,confessions,Comment
17,1491545514.0,lewronggeneration,Comment
2,1491513949.0,aww,Comment
1,1491513261.0,nonononoyes,Comment
7,1491512301.0,AskReddit,Comment
2,1491512196.0,AskReddit,Comment
1,1491504957.0,NoStupidQuestions,Comment
1,1491492986.0,geek,Comment
5,1491490789.0,AppleWatch,Comment
1,1491488359.0,AskReddit,Comment
10,1491351517.0,facepalm,Comment
1,1491167862.0,LifeProTips,Comment
13,1491166474.0,politics,Comment
2,1491166314.0,CasualConversation,Comment
2,1491163962.0,CasualConversation,Comment
1,1491163339.0,CasualConversation,Comment
2,1491163119.0,CasualConversation,Comment
2,1491160496.0,CasualConversation,Comment
1,1491159634.0,CasualConversation,Comment
12,1491157520.0,GetMotivated,Comment
1,1491132515.0,vaporents,Comment
1,1491108899.0,pokemongo,Comment
0,1491108796.0,pokemongo,Comment
1,1491108698.0,pokemongo,Comment
1,1491107545.0,WTF,Comment
1,1491107347.0,vaporents,Comment
5,1491095750.0,quotes,Comment
0,1491092840.0,BlackPeopleTwitter,Comment
17,1491062693.0,GifRecipes,Comment
3,1491062213.0,YouShouldKnow,Comment
1,1491061599.0,LifeProTips,Comment
4,1491060985.0,LifeProTips,Comment
